<application>
  <component name="ProjectJdkTable">
    <jdk version="2">
      <name value="Kotlin SDK" />
      <type value="KotlinSDK" />
      <version value="1.3.61" />
      <homePath value="$KOTLIN_BUNDLED$" />
      <roots>
        <annotationsPath>
          <root type="composite" />
        </annotationsPath>
        <classPath>
          <root type="composite" />
        </classPath>
        <javadocPath>
          <root type="composite" />
        </javadocPath>
        <sourcePath>
          <root type="composite" />
        </sourcePath>
      </roots>
      <additional />
    </jdk>
    <jdk version="2">
      <name value="9" />
      <type value="JavaSDK" />
      <version value="java version &quot;9&quot;" />
      <homePath value="/Library/Java/JavaVirtualMachines/adoptopenjdk-9.jdk/Contents/Home" />
      <roots>
        <annotationsPath>
          <root type="composite">
            <root url="jar://$APPLICATION_PLUGINS_DIR$/ch-0/203.7717.56/IntelliJ IDEA.app/Contents/plugins/java/lib/jdkAnnotations.jar!/" type="simple" />
          </root>
        </annotationsPath>
        <classPath>
          <root type="composite">
            <root url="jrt:///Library/Java/JavaVirtualMachines/adoptopenjdk-9.jdk/Contents/Home!/java.activation" type="simple" />
            <root url="jrt:///Library/Java/JavaVirtualMachines/adoptopenjdk-9.jdk/Contents/Home!/java.base" type="simple" />
            <root url="jrt:///Library/Java/JavaVirtualMachines/adoptopenjdk-9.jdk/Contents/Home!/java.compiler" type="simple" />
            <root url="jrt:///Library/Java/JavaVirtualMachines/adoptopenjdk-9.jdk/Contents/Home!/java.corba" type="simple" />
            <root url="jrt:///Library/Java/JavaVirtualMachines/adoptopenjdk-9.jdk/Contents/Home!/java.datatransfer" type="simple" />
            <root url="jrt:///Library/Java/JavaVirtualMachines/adoptopenjdk-9.jdk/Contents/Home!/java.desktop" type="simple" />
            <root url="jrt:///Library/Java/JavaVirtualMachines/adoptopenjdk-9.jdk/Contents/Home!/java.instrument" type="simple" />
            <root url="jrt:///Library/Java/JavaVirtualMachines/adoptopenjdk-9.jdk/Contents/Home!/java.logging" type="simple" />
            <root url="jrt:///Library/Java/JavaVirtualMachines/adoptopenjdk-9.jdk/Contents/Home!/java.management" type="simple" />
            <root url="jrt:///Library/Java/JavaVirtualMachines/adoptopenjdk-9.jdk/Contents/Home!/java.management.rmi" type="simple" />
            <root url="jrt:///Library/Java/JavaVirtualMachines/adoptopenjdk-9.jdk/Contents/Home!/java.naming" type="simple" />
            <root url="jrt:///Library/Java/JavaVirtualMachines/adoptopenjdk-9.jdk/Contents/Home!/java.prefs" type="simple" />
            <root url="jrt:///Library/Java/JavaVirtualMachines/adoptopenjdk-9.jdk/Contents/Home!/java.rmi" type="simple" />
            <root url="jrt:///Library/Java/JavaVirtualMachines/adoptopenjdk-9.jdk/Contents/Home!/java.scripting" type="simple" />
            <root url="jrt:///Library/Java/JavaVirtualMachines/adoptopenjdk-9.jdk/Contents/Home!/java.se" type="simple" />
            <root url="jrt:///Library/Java/JavaVirtualMachines/adoptopenjdk-9.jdk/Contents/Home!/java.se.ee" type="simple" />
            <root url="jrt:///Library/Java/JavaVirtualMachines/adoptopenjdk-9.jdk/Contents/Home!/java.security.jgss" type="simple" />
            <root url="jrt:///Library/Java/JavaVirtualMachines/adoptopenjdk-9.jdk/Contents/Home!/java.security.sasl" type="simple" />
            <root url="jrt:///Library/Java/JavaVirtualMachines/adoptopenjdk-9.jdk/Contents/Home!/java.smartcardio" type="simple" />
            <root url="jrt:///Library/Java/JavaVirtualMachines/adoptopenjdk-9.jdk/Contents/Home!/java.sql" type="simple" />
            <root url="jrt:///Library/Java/JavaVirtualMachines/adoptopenjdk-9.jdk/Contents/Home!/java.sql.rowset" type="simple" />
            <root url="jrt:///Library/Java/JavaVirtualMachines/adoptopenjdk-9.jdk/Contents/Home!/java.transaction" type="simple" />
            <root url="jrt:///Library/Java/JavaVirtualMachines/adoptopenjdk-9.jdk/Contents/Home!/java.xml" type="simple" />
            <root url="jrt:///Library/Java/JavaVirtualMachines/adoptopenjdk-9.jdk/Contents/Home!/java.xml.bind" type="simple" />
            <root url="jrt:///Library/Java/JavaVirtualMachines/adoptopenjdk-9.jdk/Contents/Home!/java.xml.crypto" type="simple" />
            <root url="jrt:///Library/Java/JavaVirtualMachines/adoptopenjdk-9.jdk/Contents/Home!/java.xml.ws" type="simple" />
            <root url="jrt:///Library/Java/JavaVirtualMachines/adoptopenjdk-9.jdk/Contents/Home!/java.xml.ws.annotation" type="simple" />
            <root url="jrt:///Library/Java/JavaVirtualMachines/adoptopenjdk-9.jdk/Contents/Home!/jdk.accessibility" type="simple" />
            <root url="jrt:///Library/Java/JavaVirtualMachines/adoptopenjdk-9.jdk/Contents/Home!/jdk.attach" type="simple" />
            <root url="jrt:///Library/Java/JavaVirtualMachines/adoptopenjdk-9.jdk/Contents/Home!/jdk.charsets" type="simple" />
            <root url="jrt:///Library/Java/JavaVirtualMachines/adoptopenjdk-9.jdk/Contents/Home!/jdk.compiler" type="simple" />
            <root url="jrt:///Library/Java/JavaVirtualMachines/adoptopenjdk-9.jdk/Contents/Home!/jdk.crypto.cryptoki" type="simple" />
            <root url="jrt:///Library/Java/JavaVirtualMachines/adoptopenjdk-9.jdk/Contents/Home!/jdk.crypto.ec" type="simple" />
            <root url="jrt:///Library/Java/JavaVirtualMachines/adoptopenjdk-9.jdk/Contents/Home!/jdk.dynalink" type="simple" />
            <root url="jrt:///Library/Java/JavaVirtualMachines/adoptopenjdk-9.jdk/Contents/Home!/jdk.editpad" type="simple" />
            <root url="jrt:///Library/Java/JavaVirtualMachines/adoptopenjdk-9.jdk/Contents/Home!/jdk.hotspot.agent" type="simple" />
            <root url="jrt:///Library/Java/JavaVirtualMachines/adoptopenjdk-9.jdk/Contents/Home!/jdk.httpserver" type="simple" />
            <root url="jrt:///Library/Java/JavaVirtualMachines/adoptopenjdk-9.jdk/Contents/Home!/jdk.incubator.httpclient" type="simple" />
            <root url="jrt:///Library/Java/JavaVirtualMachines/adoptopenjdk-9.jdk/Contents/Home!/jdk.internal.ed" type="simple" />
            <root url="jrt:///Library/Java/JavaVirtualMachines/adoptopenjdk-9.jdk/Contents/Home!/jdk.internal.jvmstat" type="simple" />
            <root url="jrt:///Library/Java/JavaVirtualMachines/adoptopenjdk-9.jdk/Contents/Home!/jdk.internal.le" type="simple" />
            <root url="jrt:///Library/Java/JavaVirtualMachines/adoptopenjdk-9.jdk/Contents/Home!/jdk.internal.opt" type="simple" />
            <root url="jrt:///Library/Java/JavaVirtualMachines/adoptopenjdk-9.jdk/Contents/Home!/jdk.internal.vm.ci" type="simple" />
            <root url="jrt:///Library/Java/JavaVirtualMachines/adoptopenjdk-9.jdk/Contents/Home!/jdk.jartool" type="simple" />
            <root url="jrt:///Library/Java/JavaVirtualMachines/adoptopenjdk-9.jdk/Contents/Home!/jdk.javadoc" type="simple" />
            <root url="jrt:///Library/Java/JavaVirtualMachines/adoptopenjdk-9.jdk/Contents/Home!/jdk.jcmd" type="simple" />
            <root url="jrt:///Library/Java/JavaVirtualMachines/adoptopenjdk-9.jdk/Contents/Home!/jdk.jconsole" type="simple" />
            <root url="jrt:///Library/Java/JavaVirtualMachines/adoptopenjdk-9.jdk/Contents/Home!/jdk.jdeps" type="simple" />
            <root url="jrt:///Library/Java/JavaVirtualMachines/adoptopenjdk-9.jdk/Contents/Home!/jdk.jdi" type="simple" />
            <root url="jrt:///Library/Java/JavaVirtualMachines/adoptopenjdk-9.jdk/Contents/Home!/jdk.jdwp.agent" type="simple" />
            <root url="jrt:///Library/Java/JavaVirtualMachines/adoptopenjdk-9.jdk/Contents/Home!/jdk.jlink" type="simple" />
            <root url="jrt:///Library/Java/JavaVirtualMachines/adoptopenjdk-9.jdk/Contents/Home!/jdk.jshell" type="simple" />
            <root url="jrt:///Library/Java/JavaVirtualMachines/adoptopenjdk-9.jdk/Contents/Home!/jdk.jsobject" type="simple" />
            <root url="jrt:///Library/Java/JavaVirtualMachines/adoptopenjdk-9.jdk/Contents/Home!/jdk.jstatd" type="simple" />
            <root url="jrt:///Library/Java/JavaVirtualMachines/adoptopenjdk-9.jdk/Contents/Home!/jdk.localedata" type="simple" />
            <root url="jrt:///Library/Java/JavaVirtualMachines/adoptopenjdk-9.jdk/Contents/Home!/jdk.management" type="simple" />
            <root url="jrt:///Library/Java/JavaVirtualMachines/adoptopenjdk-9.jdk/Contents/Home!/jdk.management.agent" type="simple" />
            <root url="jrt:///Library/Java/JavaVirtualMachines/adoptopenjdk-9.jdk/Contents/Home!/jdk.naming.dns" type="simple" />
            <root url="jrt:///Library/Java/JavaVirtualMachines/adoptopenjdk-9.jdk/Contents/Home!/jdk.naming.rmi" type="simple" />
            <root url="jrt:///Library/Java/JavaVirtualMachines/adoptopenjdk-9.jdk/Contents/Home!/jdk.net" type="simple" />
            <root url="jrt:///Library/Java/JavaVirtualMachines/adoptopenjdk-9.jdk/Contents/Home!/jdk.pack" type="simple" />
            <root url="jrt:///Library/Java/JavaVirtualMachines/adoptopenjdk-9.jdk/Contents/Home!/jdk.policytool" type="simple" />
            <root url="jrt:///Library/Java/JavaVirtualMachines/adoptopenjdk-9.jdk/Contents/Home!/jdk.rmic" type="simple" />
            <root url="jrt:///Library/Java/JavaVirtualMachines/adoptopenjdk-9.jdk/Contents/Home!/jdk.scripting.nashorn" type="simple" />
            <root url="jrt:///Library/Java/JavaVirtualMachines/adoptopenjdk-9.jdk/Contents/Home!/jdk.scripting.nashorn.shell" type="simple" />
            <root url="jrt:///Library/Java/JavaVirtualMachines/adoptopenjdk-9.jdk/Contents/Home!/jdk.sctp" type="simple" />
            <root url="jrt:///Library/Java/JavaVirtualMachines/adoptopenjdk-9.jdk/Contents/Home!/jdk.security.auth" type="simple" />
            <root url="jrt:///Library/Java/JavaVirtualMachines/adoptopenjdk-9.jdk/Contents/Home!/jdk.security.jgss" type="simple" />
            <root url="jrt:///Library/Java/JavaVirtualMachines/adoptopenjdk-9.jdk/Contents/Home!/jdk.unsupported" type="simple" />
            <root url="jrt:///Library/Java/JavaVirtualMachines/adoptopenjdk-9.jdk/Contents/Home!/jdk.xml.bind" type="simple" />
            <root url="jrt:///Library/Java/JavaVirtualMachines/adoptopenjdk-9.jdk/Contents/Home!/jdk.xml.dom" type="simple" />
            <root url="jrt:///Library/Java/JavaVirtualMachines/adoptopenjdk-9.jdk/Contents/Home!/jdk.xml.ws" type="simple" />
            <root url="jrt:///Library/Java/JavaVirtualMachines/adoptopenjdk-9.jdk/Contents/Home!/jdk.zipfs" type="simple" />
          </root>
        </classPath>
        <javadocPath>
          <root type="composite" />
        </javadocPath>
        <sourcePath>
          <root type="composite">
            <root url="jar:///Library/Java/JavaVirtualMachines/adoptopenjdk-9.jdk/Contents/Home/lib/src.zip!/java.se" type="simple" />
            <root url="jar:///Library/Java/JavaVirtualMachines/adoptopenjdk-9.jdk/Contents/Home/lib/src.zip!/jdk.jdi" type="simple" />
            <root url="jar:///Library/Java/JavaVirtualMachines/adoptopenjdk-9.jdk/Contents/Home/lib/src.zip!/jdk.net" type="simple" />
            <root url="jar:///Library/Java/JavaVirtualMachines/adoptopenjdk-9.jdk/Contents/Home/lib/src.zip!/java.rmi" type="simple" />
            <root url="jar:///Library/Java/JavaVirtualMachines/adoptopenjdk-9.jdk/Contents/Home/lib/src.zip!/java.sql" type="simple" />
            <root url="jar:///Library/Java/JavaVirtualMachines/adoptopenjdk-9.jdk/Contents/Home/lib/src.zip!/java.xml" type="simple" />
            <root url="jar:///Library/Java/JavaVirtualMachines/adoptopenjdk-9.jdk/Contents/Home/lib/src.zip!/jdk.jcmd" type="simple" />
            <root url="jar:///Library/Java/JavaVirtualMachines/adoptopenjdk-9.jdk/Contents/Home/lib/src.zip!/jdk.pack" type="simple" />
            <root url="jar:///Library/Java/JavaVirtualMachines/adoptopenjdk-9.jdk/Contents/Home/lib/src.zip!/jdk.rmic" type="simple" />
            <root url="jar:///Library/Java/JavaVirtualMachines/adoptopenjdk-9.jdk/Contents/Home/lib/src.zip!/jdk.sctp" type="simple" />
            <root url="jar:///Library/Java/JavaVirtualMachines/adoptopenjdk-9.jdk/Contents/Home/lib/src.zip!/java.base" type="simple" />
            <root url="jar:///Library/Java/JavaVirtualMachines/adoptopenjdk-9.jdk/Contents/Home/lib/src.zip!/jdk.jdeps" type="simple" />
            <root url="jar:///Library/Java/JavaVirtualMachines/adoptopenjdk-9.jdk/Contents/Home/lib/src.zip!/jdk.jlink" type="simple" />
            <root url="jar:///Library/Java/JavaVirtualMachines/adoptopenjdk-9.jdk/Contents/Home/lib/src.zip!/jdk.zipfs" type="simple" />
            <root url="jar:///Library/Java/JavaVirtualMachines/adoptopenjdk-9.jdk/Contents/Home/lib/src.zip!/java.corba" type="simple" />
            <root url="jar:///Library/Java/JavaVirtualMachines/adoptopenjdk-9.jdk/Contents/Home/lib/src.zip!/java.prefs" type="simple" />
            <root url="jar:///Library/Java/JavaVirtualMachines/adoptopenjdk-9.jdk/Contents/Home/lib/src.zip!/java.se.ee" type="simple" />
            <root url="jar:///Library/Java/JavaVirtualMachines/adoptopenjdk-9.jdk/Contents/Home/lib/src.zip!/jdk.attach" type="simple" />
            <root url="jar:///Library/Java/JavaVirtualMachines/adoptopenjdk-9.jdk/Contents/Home/lib/src.zip!/jdk.jshell" type="simple" />
            <root url="jar:///Library/Java/JavaVirtualMachines/adoptopenjdk-9.jdk/Contents/Home/lib/src.zip!/jdk.jstatd" type="simple" />
            <root url="jar:///Library/Java/JavaVirtualMachines/adoptopenjdk-9.jdk/Contents/Home/lib/src.zip!/jdk.xml.ws" type="simple" />
            <root url="jar:///Library/Java/JavaVirtualMachines/adoptopenjdk-9.jdk/Contents/Home/lib/src.zip!/java.naming" type="simple" />
            <root url="jar:///Library/Java/JavaVirtualMachines/adoptopenjdk-9.jdk/Contents/Home/lib/src.zip!/java.xml.ws" type="simple" />
            <root url="jar:///Library/Java/JavaVirtualMachines/adoptopenjdk-9.jdk/Contents/Home/lib/src.zip!/jdk.editpad" type="simple" />
            <root url="jar:///Library/Java/JavaVirtualMachines/adoptopenjdk-9.jdk/Contents/Home/lib/src.zip!/jdk.jartool" type="simple" />
            <root url="jar:///Library/Java/JavaVirtualMachines/adoptopenjdk-9.jdk/Contents/Home/lib/src.zip!/jdk.javadoc" type="simple" />
            <root url="jar:///Library/Java/JavaVirtualMachines/adoptopenjdk-9.jdk/Contents/Home/lib/src.zip!/jdk.xml.dom" type="simple" />
            <root url="jar:///Library/Java/JavaVirtualMachines/adoptopenjdk-9.jdk/Contents/Home/lib/src.zip!/java.desktop" type="simple" />
            <root url="jar:///Library/Java/JavaVirtualMachines/adoptopenjdk-9.jdk/Contents/Home/lib/src.zip!/java.logging" type="simple" />
            <root url="jar:///Library/Java/JavaVirtualMachines/adoptopenjdk-9.jdk/Contents/Home/lib/src.zip!/jdk.charsets" type="simple" />
            <root url="jar:///Library/Java/JavaVirtualMachines/adoptopenjdk-9.jdk/Contents/Home/lib/src.zip!/jdk.compiler" type="simple" />
            <root url="jar:///Library/Java/JavaVirtualMachines/adoptopenjdk-9.jdk/Contents/Home/lib/src.zip!/jdk.dynalink" type="simple" />
            <root url="jar:///Library/Java/JavaVirtualMachines/adoptopenjdk-9.jdk/Contents/Home/lib/src.zip!/jdk.jconsole" type="simple" />
            <root url="jar:///Library/Java/JavaVirtualMachines/adoptopenjdk-9.jdk/Contents/Home/lib/src.zip!/jdk.jsobject" type="simple" />
            <root url="jar:///Library/Java/JavaVirtualMachines/adoptopenjdk-9.jdk/Contents/Home/lib/src.zip!/jdk.xml.bind" type="simple" />
            <root url="jar:///Library/Java/JavaVirtualMachines/adoptopenjdk-9.jdk/Contents/Home/lib/src.zip!/java.compiler" type="simple" />
            <root url="jar:///Library/Java/JavaVirtualMachines/adoptopenjdk-9.jdk/Contents/Home/lib/src.zip!/java.xml.bind" type="simple" />
            <root url="jar:///Library/Java/JavaVirtualMachines/adoptopenjdk-9.jdk/Contents/Home/lib/src.zip!/jdk.crypto.ec" type="simple" />
            <root url="jar:///Library/Java/JavaVirtualMachines/adoptopenjdk-9.jdk/Contents/Home/lib/src.zip!/java.scripting" type="simple" />
            <root url="jar:///Library/Java/JavaVirtualMachines/adoptopenjdk-9.jdk/Contents/Home/lib/src.zip!/jdk.httpserver" type="simple" />
            <root url="jar:///Library/Java/JavaVirtualMachines/adoptopenjdk-9.jdk/Contents/Home/lib/src.zip!/jdk.jdwp.agent" type="simple" />
            <root url="jar:///Library/Java/JavaVirtualMachines/adoptopenjdk-9.jdk/Contents/Home/lib/src.zip!/jdk.localedata" type="simple" />
            <root url="jar:///Library/Java/JavaVirtualMachines/adoptopenjdk-9.jdk/Contents/Home/lib/src.zip!/jdk.management" type="simple" />
            <root url="jar:///Library/Java/JavaVirtualMachines/adoptopenjdk-9.jdk/Contents/Home/lib/src.zip!/jdk.naming.dns" type="simple" />
            <root url="jar:///Library/Java/JavaVirtualMachines/adoptopenjdk-9.jdk/Contents/Home/lib/src.zip!/jdk.naming.rmi" type="simple" />
            <root url="jar:///Library/Java/JavaVirtualMachines/adoptopenjdk-9.jdk/Contents/Home/lib/src.zip!/jdk.policytool" type="simple" />
            <root url="jar:///Library/Java/JavaVirtualMachines/adoptopenjdk-9.jdk/Contents/Home/lib/src.zip!/java.activation" type="simple" />
            <root url="jar:///Library/Java/JavaVirtualMachines/adoptopenjdk-9.jdk/Contents/Home/lib/src.zip!/java.instrument" type="simple" />
            <root url="jar:///Library/Java/JavaVirtualMachines/adoptopenjdk-9.jdk/Contents/Home/lib/src.zip!/java.management" type="simple" />
            <root url="jar:///Library/Java/JavaVirtualMachines/adoptopenjdk-9.jdk/Contents/Home/lib/src.zip!/java.sql.rowset" type="simple" />
            <root url="jar:///Library/Java/JavaVirtualMachines/adoptopenjdk-9.jdk/Contents/Home/lib/src.zip!/java.xml.crypto" type="simple" />
            <root url="jar:///Library/Java/JavaVirtualMachines/adoptopenjdk-9.jdk/Contents/Home/lib/src.zip!/jdk.internal.ed" type="simple" />
            <root url="jar:///Library/Java/JavaVirtualMachines/adoptopenjdk-9.jdk/Contents/Home/lib/src.zip!/jdk.internal.le" type="simple" />
            <root url="jar:///Library/Java/JavaVirtualMachines/adoptopenjdk-9.jdk/Contents/Home/lib/src.zip!/jdk.unsupported" type="simple" />
            <root url="jar:///Library/Java/JavaVirtualMachines/adoptopenjdk-9.jdk/Contents/Home/lib/src.zip!/java.smartcardio" type="simple" />
            <root url="jar:///Library/Java/JavaVirtualMachines/adoptopenjdk-9.jdk/Contents/Home/lib/src.zip!/java.transaction" type="simple" />
            <root url="jar:///Library/Java/JavaVirtualMachines/adoptopenjdk-9.jdk/Contents/Home/lib/src.zip!/jdk.internal.opt" type="simple" />
            <root url="jar:///Library/Java/JavaVirtualMachines/adoptopenjdk-9.jdk/Contents/Home/lib/src.zip!/java.datatransfer" type="simple" />
            <root url="jar:///Library/Java/JavaVirtualMachines/adoptopenjdk-9.jdk/Contents/Home/lib/src.zip!/jdk.accessibility" type="simple" />
            <root url="jar:///Library/Java/JavaVirtualMachines/adoptopenjdk-9.jdk/Contents/Home/lib/src.zip!/jdk.hotspot.agent" type="simple" />
            <root url="jar:///Library/Java/JavaVirtualMachines/adoptopenjdk-9.jdk/Contents/Home/lib/src.zip!/jdk.security.auth" type="simple" />
            <root url="jar:///Library/Java/JavaVirtualMachines/adoptopenjdk-9.jdk/Contents/Home/lib/src.zip!/jdk.security.jgss" type="simple" />
            <root url="jar:///Library/Java/JavaVirtualMachines/adoptopenjdk-9.jdk/Contents/Home/lib/src.zip!/java.security.jgss" type="simple" />
            <root url="jar:///Library/Java/JavaVirtualMachines/adoptopenjdk-9.jdk/Contents/Home/lib/src.zip!/java.security.sasl" type="simple" />
            <root url="jar:///Library/Java/JavaVirtualMachines/adoptopenjdk-9.jdk/Contents/Home/lib/src.zip!/jdk.internal.vm.ci" type="simple" />
            <root url="jar:///Library/Java/JavaVirtualMachines/adoptopenjdk-9.jdk/Contents/Home/lib/src.zip!/java.management.rmi" type="simple" />
            <root url="jar:///Library/Java/JavaVirtualMachines/adoptopenjdk-9.jdk/Contents/Home/lib/src.zip!/jdk.crypto.cryptoki" type="simple" />
            <root url="jar:///Library/Java/JavaVirtualMachines/adoptopenjdk-9.jdk/Contents/Home/lib/src.zip!/jdk.internal.jvmstat" type="simple" />
            <root url="jar:///Library/Java/JavaVirtualMachines/adoptopenjdk-9.jdk/Contents/Home/lib/src.zip!/jdk.management.agent" type="simple" />
            <root url="jar:///Library/Java/JavaVirtualMachines/adoptopenjdk-9.jdk/Contents/Home/lib/src.zip!/jdk.scripting.nashorn" type="simple" />
            <root url="jar:///Library/Java/JavaVirtualMachines/adoptopenjdk-9.jdk/Contents/Home/lib/src.zip!/java.xml.ws.annotation" type="simple" />
            <root url="jar:///Library/Java/JavaVirtualMachines/adoptopenjdk-9.jdk/Contents/Home/lib/src.zip!/jdk.incubator.httpclient" type="simple" />
            <root url="jar:///Library/Java/JavaVirtualMachines/adoptopenjdk-9.jdk/Contents/Home/lib/src.zip!/jdk.scripting.nashorn.shell" type="simple" />
          </root>
        </sourcePath>
      </roots>
      <additional />
    </jdk>
    <jdk version="2">
      <name value="15" />
      <type value="JavaSDK" />
      <version value="version 15.0.2" />
      <homePath value="/Library/Java/JavaVirtualMachines/adoptopenjdk-15.jdk/Contents/Home" />
      <roots>
        <annotationsPath>
          <root type="composite">
            <root url="jar://$APPLICATION_PLUGINS_DIR$/ch-0/203.7717.56/IntelliJ IDEA.app/Contents/plugins/java/lib/jdkAnnotations.jar!/" type="simple" />
            <root url="jar://$APPLICATION_HOME_DIR$/plugins/java/lib/jdkAnnotations.jar!/" type="simple" />
          </root>
        </annotationsPath>
        <classPath>
          <root type="composite">
            <root url="jrt:///Library/Java/JavaVirtualMachines/adoptopenjdk-15.jdk/Contents/Home!/java.base" type="simple" />
            <root url="jrt:///Library/Java/JavaVirtualMachines/adoptopenjdk-15.jdk/Contents/Home!/java.compiler" type="simple" />
            <root url="jrt:///Library/Java/JavaVirtualMachines/adoptopenjdk-15.jdk/Contents/Home!/java.datatransfer" type="simple" />
            <root url="jrt:///Library/Java/JavaVirtualMachines/adoptopenjdk-15.jdk/Contents/Home!/java.desktop" type="simple" />
            <root url="jrt:///Library/Java/JavaVirtualMachines/adoptopenjdk-15.jdk/Contents/Home!/java.instrument" type="simple" />
            <root url="jrt:///Library/Java/JavaVirtualMachines/adoptopenjdk-15.jdk/Contents/Home!/java.logging" type="simple" />
            <root url="jrt:///Library/Java/JavaVirtualMachines/adoptopenjdk-15.jdk/Contents/Home!/java.management" type="simple" />
            <root url="jrt:///Library/Java/JavaVirtualMachines/adoptopenjdk-15.jdk/Contents/Home!/java.management.rmi" type="simple" />
            <root url="jrt:///Library/Java/JavaVirtualMachines/adoptopenjdk-15.jdk/Contents/Home!/java.naming" type="simple" />
            <root url="jrt:///Library/Java/JavaVirtualMachines/adoptopenjdk-15.jdk/Contents/Home!/java.net.http" type="simple" />
            <root url="jrt:///Library/Java/JavaVirtualMachines/adoptopenjdk-15.jdk/Contents/Home!/java.prefs" type="simple" />
            <root url="jrt:///Library/Java/JavaVirtualMachines/adoptopenjdk-15.jdk/Contents/Home!/java.rmi" type="simple" />
            <root url="jrt:///Library/Java/JavaVirtualMachines/adoptopenjdk-15.jdk/Contents/Home!/java.scripting" type="simple" />
            <root url="jrt:///Library/Java/JavaVirtualMachines/adoptopenjdk-15.jdk/Contents/Home!/java.se" type="simple" />
            <root url="jrt:///Library/Java/JavaVirtualMachines/adoptopenjdk-15.jdk/Contents/Home!/java.security.jgss" type="simple" />
            <root url="jrt:///Library/Java/JavaVirtualMachines/adoptopenjdk-15.jdk/Contents/Home!/java.security.sasl" type="simple" />
            <root url="jrt:///Library/Java/JavaVirtualMachines/adoptopenjdk-15.jdk/Contents/Home!/java.smartcardio" type="simple" />
            <root url="jrt:///Library/Java/JavaVirtualMachines/adoptopenjdk-15.jdk/Contents/Home!/java.sql" type="simple" />
            <root url="jrt:///Library/Java/JavaVirtualMachines/adoptopenjdk-15.jdk/Contents/Home!/java.sql.rowset" type="simple" />
            <root url="jrt:///Library/Java/JavaVirtualMachines/adoptopenjdk-15.jdk/Contents/Home!/java.transaction.xa" type="simple" />
            <root url="jrt:///Library/Java/JavaVirtualMachines/adoptopenjdk-15.jdk/Contents/Home!/java.xml" type="simple" />
            <root url="jrt:///Library/Java/JavaVirtualMachines/adoptopenjdk-15.jdk/Contents/Home!/java.xml.crypto" type="simple" />
            <root url="jrt:///Library/Java/JavaVirtualMachines/adoptopenjdk-15.jdk/Contents/Home!/jdk.accessibility" type="simple" />
            <root url="jrt:///Library/Java/JavaVirtualMachines/adoptopenjdk-15.jdk/Contents/Home!/jdk.aot" type="simple" />
            <root url="jrt:///Library/Java/JavaVirtualMachines/adoptopenjdk-15.jdk/Contents/Home!/jdk.attach" type="simple" />
            <root url="jrt:///Library/Java/JavaVirtualMachines/adoptopenjdk-15.jdk/Contents/Home!/jdk.charsets" type="simple" />
            <root url="jrt:///Library/Java/JavaVirtualMachines/adoptopenjdk-15.jdk/Contents/Home!/jdk.compiler" type="simple" />
            <root url="jrt:///Library/Java/JavaVirtualMachines/adoptopenjdk-15.jdk/Contents/Home!/jdk.crypto.cryptoki" type="simple" />
            <root url="jrt:///Library/Java/JavaVirtualMachines/adoptopenjdk-15.jdk/Contents/Home!/jdk.crypto.ec" type="simple" />
            <root url="jrt:///Library/Java/JavaVirtualMachines/adoptopenjdk-15.jdk/Contents/Home!/jdk.dynalink" type="simple" />
            <root url="jrt:///Library/Java/JavaVirtualMachines/adoptopenjdk-15.jdk/Contents/Home!/jdk.editpad" type="simple" />
            <root url="jrt:///Library/Java/JavaVirtualMachines/adoptopenjdk-15.jdk/Contents/Home!/jdk.hotspot.agent" type="simple" />
            <root url="jrt:///Library/Java/JavaVirtualMachines/adoptopenjdk-15.jdk/Contents/Home!/jdk.httpserver" type="simple" />
            <root url="jrt:///Library/Java/JavaVirtualMachines/adoptopenjdk-15.jdk/Contents/Home!/jdk.incubator.foreign" type="simple" />
            <root url="jrt:///Library/Java/JavaVirtualMachines/adoptopenjdk-15.jdk/Contents/Home!/jdk.incubator.jpackage" type="simple" />
            <root url="jrt:///Library/Java/JavaVirtualMachines/adoptopenjdk-15.jdk/Contents/Home!/jdk.internal.ed" type="simple" />
            <root url="jrt:///Library/Java/JavaVirtualMachines/adoptopenjdk-15.jdk/Contents/Home!/jdk.internal.jvmstat" type="simple" />
            <root url="jrt:///Library/Java/JavaVirtualMachines/adoptopenjdk-15.jdk/Contents/Home!/jdk.internal.le" type="simple" />
            <root url="jrt:///Library/Java/JavaVirtualMachines/adoptopenjdk-15.jdk/Contents/Home!/jdk.internal.opt" type="simple" />
            <root url="jrt:///Library/Java/JavaVirtualMachines/adoptopenjdk-15.jdk/Contents/Home!/jdk.internal.vm.ci" type="simple" />
            <root url="jrt:///Library/Java/JavaVirtualMachines/adoptopenjdk-15.jdk/Contents/Home!/jdk.internal.vm.compiler" type="simple" />
            <root url="jrt:///Library/Java/JavaVirtualMachines/adoptopenjdk-15.jdk/Contents/Home!/jdk.internal.vm.compiler.management" type="simple" />
            <root url="jrt:///Library/Java/JavaVirtualMachines/adoptopenjdk-15.jdk/Contents/Home!/jdk.jartool" type="simple" />
            <root url="jrt:///Library/Java/JavaVirtualMachines/adoptopenjdk-15.jdk/Contents/Home!/jdk.javadoc" type="simple" />
            <root url="jrt:///Library/Java/JavaVirtualMachines/adoptopenjdk-15.jdk/Contents/Home!/jdk.jcmd" type="simple" />
            <root url="jrt:///Library/Java/JavaVirtualMachines/adoptopenjdk-15.jdk/Contents/Home!/jdk.jconsole" type="simple" />
            <root url="jrt:///Library/Java/JavaVirtualMachines/adoptopenjdk-15.jdk/Contents/Home!/jdk.jdeps" type="simple" />
            <root url="jrt:///Library/Java/JavaVirtualMachines/adoptopenjdk-15.jdk/Contents/Home!/jdk.jdi" type="simple" />
            <root url="jrt:///Library/Java/JavaVirtualMachines/adoptopenjdk-15.jdk/Contents/Home!/jdk.jdwp.agent" type="simple" />
            <root url="jrt:///Library/Java/JavaVirtualMachines/adoptopenjdk-15.jdk/Contents/Home!/jdk.jfr" type="simple" />
            <root url="jrt:///Library/Java/JavaVirtualMachines/adoptopenjdk-15.jdk/Contents/Home!/jdk.jlink" type="simple" />
            <root url="jrt:///Library/Java/JavaVirtualMachines/adoptopenjdk-15.jdk/Contents/Home!/jdk.jshell" type="simple" />
            <root url="jrt:///Library/Java/JavaVirtualMachines/adoptopenjdk-15.jdk/Contents/Home!/jdk.jsobject" type="simple" />
            <root url="jrt:///Library/Java/JavaVirtualMachines/adoptopenjdk-15.jdk/Contents/Home!/jdk.jstatd" type="simple" />
            <root url="jrt:///Library/Java/JavaVirtualMachines/adoptopenjdk-15.jdk/Contents/Home!/jdk.localedata" type="simple" />
            <root url="jrt:///Library/Java/JavaVirtualMachines/adoptopenjdk-15.jdk/Contents/Home!/jdk.management" type="simple" />
            <root url="jrt:///Library/Java/JavaVirtualMachines/adoptopenjdk-15.jdk/Contents/Home!/jdk.management.agent" type="simple" />
            <root url="jrt:///Library/Java/JavaVirtualMachines/adoptopenjdk-15.jdk/Contents/Home!/jdk.management.jfr" type="simple" />
            <root url="jrt:///Library/Java/JavaVirtualMachines/adoptopenjdk-15.jdk/Contents/Home!/jdk.naming.dns" type="simple" />
            <root url="jrt:///Library/Java/JavaVirtualMachines/adoptopenjdk-15.jdk/Contents/Home!/jdk.naming.rmi" type="simple" />
            <root url="jrt:///Library/Java/JavaVirtualMachines/adoptopenjdk-15.jdk/Contents/Home!/jdk.net" type="simple" />
            <root url="jrt:///Library/Java/JavaVirtualMachines/adoptopenjdk-15.jdk/Contents/Home!/jdk.nio.mapmode" type="simple" />
            <root url="jrt:///Library/Java/JavaVirtualMachines/adoptopenjdk-15.jdk/Contents/Home!/jdk.sctp" type="simple" />
            <root url="jrt:///Library/Java/JavaVirtualMachines/adoptopenjdk-15.jdk/Contents/Home!/jdk.security.auth" type="simple" />
            <root url="jrt:///Library/Java/JavaVirtualMachines/adoptopenjdk-15.jdk/Contents/Home!/jdk.security.jgss" type="simple" />
            <root url="jrt:///Library/Java/JavaVirtualMachines/adoptopenjdk-15.jdk/Contents/Home!/jdk.unsupported" type="simple" />
            <root url="jrt:///Library/Java/JavaVirtualMachines/adoptopenjdk-15.jdk/Contents/Home!/jdk.unsupported.desktop" type="simple" />
            <root url="jrt:///Library/Java/JavaVirtualMachines/adoptopenjdk-15.jdk/Contents/Home!/jdk.xml.dom" type="simple" />
            <root url="jrt:///Library/Java/JavaVirtualMachines/adoptopenjdk-15.jdk/Contents/Home!/jdk.zipfs" type="simple" />
          </root>
        </classPath>
        <javadocPath>
          <root type="composite" />
        </javadocPath>
        <sourcePath>
          <root type="composite">
            <root url="jar:///Library/Java/JavaVirtualMachines/adoptopenjdk-15.jdk/Contents/Home/lib/src.zip!/java.se" type="simple" />
            <root url="jar:///Library/Java/JavaVirtualMachines/adoptopenjdk-15.jdk/Contents/Home/lib/src.zip!/jdk.aot" type="simple" />
            <root url="jar:///Library/Java/JavaVirtualMachines/adoptopenjdk-15.jdk/Contents/Home/lib/src.zip!/jdk.jdi" type="simple" />
            <root url="jar:///Library/Java/JavaVirtualMachines/adoptopenjdk-15.jdk/Contents/Home/lib/src.zip!/jdk.jfr" type="simple" />
            <root url="jar:///Library/Java/JavaVirtualMachines/adoptopenjdk-15.jdk/Contents/Home/lib/src.zip!/jdk.net" type="simple" />
            <root url="jar:///Library/Java/JavaVirtualMachines/adoptopenjdk-15.jdk/Contents/Home/lib/src.zip!/java.rmi" type="simple" />
            <root url="jar:///Library/Java/JavaVirtualMachines/adoptopenjdk-15.jdk/Contents/Home/lib/src.zip!/java.sql" type="simple" />
            <root url="jar:///Library/Java/JavaVirtualMachines/adoptopenjdk-15.jdk/Contents/Home/lib/src.zip!/java.xml" type="simple" />
            <root url="jar:///Library/Java/JavaVirtualMachines/adoptopenjdk-15.jdk/Contents/Home/lib/src.zip!/jdk.jcmd" type="simple" />
            <root url="jar:///Library/Java/JavaVirtualMachines/adoptopenjdk-15.jdk/Contents/Home/lib/src.zip!/jdk.sctp" type="simple" />
            <root url="jar:///Library/Java/JavaVirtualMachines/adoptopenjdk-15.jdk/Contents/Home/lib/src.zip!/java.base" type="simple" />
            <root url="jar:///Library/Java/JavaVirtualMachines/adoptopenjdk-15.jdk/Contents/Home/lib/src.zip!/jdk.jdeps" type="simple" />
            <root url="jar:///Library/Java/JavaVirtualMachines/adoptopenjdk-15.jdk/Contents/Home/lib/src.zip!/jdk.jlink" type="simple" />
            <root url="jar:///Library/Java/JavaVirtualMachines/adoptopenjdk-15.jdk/Contents/Home/lib/src.zip!/jdk.zipfs" type="simple" />
            <root url="jar:///Library/Java/JavaVirtualMachines/adoptopenjdk-15.jdk/Contents/Home/lib/src.zip!/java.prefs" type="simple" />
            <root url="jar:///Library/Java/JavaVirtualMachines/adoptopenjdk-15.jdk/Contents/Home/lib/src.zip!/jdk.attach" type="simple" />
            <root url="jar:///Library/Java/JavaVirtualMachines/adoptopenjdk-15.jdk/Contents/Home/lib/src.zip!/jdk.jshell" type="simple" />
            <root url="jar:///Library/Java/JavaVirtualMachines/adoptopenjdk-15.jdk/Contents/Home/lib/src.zip!/jdk.jstatd" type="simple" />
            <root url="jar:///Library/Java/JavaVirtualMachines/adoptopenjdk-15.jdk/Contents/Home/lib/src.zip!/java.naming" type="simple" />
            <root url="jar:///Library/Java/JavaVirtualMachines/adoptopenjdk-15.jdk/Contents/Home/lib/src.zip!/jdk.editpad" type="simple" />
            <root url="jar:///Library/Java/JavaVirtualMachines/adoptopenjdk-15.jdk/Contents/Home/lib/src.zip!/jdk.jartool" type="simple" />
            <root url="jar:///Library/Java/JavaVirtualMachines/adoptopenjdk-15.jdk/Contents/Home/lib/src.zip!/jdk.javadoc" type="simple" />
            <root url="jar:///Library/Java/JavaVirtualMachines/adoptopenjdk-15.jdk/Contents/Home/lib/src.zip!/jdk.xml.dom" type="simple" />
            <root url="jar:///Library/Java/JavaVirtualMachines/adoptopenjdk-15.jdk/Contents/Home/lib/src.zip!/java.desktop" type="simple" />
            <root url="jar:///Library/Java/JavaVirtualMachines/adoptopenjdk-15.jdk/Contents/Home/lib/src.zip!/java.logging" type="simple" />
            <root url="jar:///Library/Java/JavaVirtualMachines/adoptopenjdk-15.jdk/Contents/Home/lib/src.zip!/jdk.charsets" type="simple" />
            <root url="jar:///Library/Java/JavaVirtualMachines/adoptopenjdk-15.jdk/Contents/Home/lib/src.zip!/jdk.compiler" type="simple" />
            <root url="jar:///Library/Java/JavaVirtualMachines/adoptopenjdk-15.jdk/Contents/Home/lib/src.zip!/jdk.dynalink" type="simple" />
            <root url="jar:///Library/Java/JavaVirtualMachines/adoptopenjdk-15.jdk/Contents/Home/lib/src.zip!/jdk.jconsole" type="simple" />
            <root url="jar:///Library/Java/JavaVirtualMachines/adoptopenjdk-15.jdk/Contents/Home/lib/src.zip!/jdk.jsobject" type="simple" />
            <root url="jar:///Library/Java/JavaVirtualMachines/adoptopenjdk-15.jdk/Contents/Home/lib/src.zip!/java.compiler" type="simple" />
            <root url="jar:///Library/Java/JavaVirtualMachines/adoptopenjdk-15.jdk/Contents/Home/lib/src.zip!/java.net.http" type="simple" />
            <root url="jar:///Library/Java/JavaVirtualMachines/adoptopenjdk-15.jdk/Contents/Home/lib/src.zip!/jdk.crypto.ec" type="simple" />
            <root url="jar:///Library/Java/JavaVirtualMachines/adoptopenjdk-15.jdk/Contents/Home/lib/src.zip!/java.scripting" type="simple" />
            <root url="jar:///Library/Java/JavaVirtualMachines/adoptopenjdk-15.jdk/Contents/Home/lib/src.zip!/jdk.httpserver" type="simple" />
            <root url="jar:///Library/Java/JavaVirtualMachines/adoptopenjdk-15.jdk/Contents/Home/lib/src.zip!/jdk.jdwp.agent" type="simple" />
            <root url="jar:///Library/Java/JavaVirtualMachines/adoptopenjdk-15.jdk/Contents/Home/lib/src.zip!/jdk.localedata" type="simple" />
            <root url="jar:///Library/Java/JavaVirtualMachines/adoptopenjdk-15.jdk/Contents/Home/lib/src.zip!/jdk.management" type="simple" />
            <root url="jar:///Library/Java/JavaVirtualMachines/adoptopenjdk-15.jdk/Contents/Home/lib/src.zip!/jdk.naming.dns" type="simple" />
            <root url="jar:///Library/Java/JavaVirtualMachines/adoptopenjdk-15.jdk/Contents/Home/lib/src.zip!/jdk.naming.rmi" type="simple" />
            <root url="jar:///Library/Java/JavaVirtualMachines/adoptopenjdk-15.jdk/Contents/Home/lib/src.zip!/java.instrument" type="simple" />
            <root url="jar:///Library/Java/JavaVirtualMachines/adoptopenjdk-15.jdk/Contents/Home/lib/src.zip!/java.management" type="simple" />
            <root url="jar:///Library/Java/JavaVirtualMachines/adoptopenjdk-15.jdk/Contents/Home/lib/src.zip!/java.sql.rowset" type="simple" />
            <root url="jar:///Library/Java/JavaVirtualMachines/adoptopenjdk-15.jdk/Contents/Home/lib/src.zip!/java.xml.crypto" type="simple" />
            <root url="jar:///Library/Java/JavaVirtualMachines/adoptopenjdk-15.jdk/Contents/Home/lib/src.zip!/jdk.internal.ed" type="simple" />
            <root url="jar:///Library/Java/JavaVirtualMachines/adoptopenjdk-15.jdk/Contents/Home/lib/src.zip!/jdk.internal.le" type="simple" />
            <root url="jar:///Library/Java/JavaVirtualMachines/adoptopenjdk-15.jdk/Contents/Home/lib/src.zip!/jdk.nio.mapmode" type="simple" />
            <root url="jar:///Library/Java/JavaVirtualMachines/adoptopenjdk-15.jdk/Contents/Home/lib/src.zip!/jdk.unsupported" type="simple" />
            <root url="jar:///Library/Java/JavaVirtualMachines/adoptopenjdk-15.jdk/Contents/Home/lib/src.zip!/java.smartcardio" type="simple" />
            <root url="jar:///Library/Java/JavaVirtualMachines/adoptopenjdk-15.jdk/Contents/Home/lib/src.zip!/jdk.internal.opt" type="simple" />
            <root url="jar:///Library/Java/JavaVirtualMachines/adoptopenjdk-15.jdk/Contents/Home/lib/src.zip!/java.datatransfer" type="simple" />
            <root url="jar:///Library/Java/JavaVirtualMachines/adoptopenjdk-15.jdk/Contents/Home/lib/src.zip!/jdk.accessibility" type="simple" />
            <root url="jar:///Library/Java/JavaVirtualMachines/adoptopenjdk-15.jdk/Contents/Home/lib/src.zip!/jdk.hotspot.agent" type="simple" />
            <root url="jar:///Library/Java/JavaVirtualMachines/adoptopenjdk-15.jdk/Contents/Home/lib/src.zip!/jdk.security.auth" type="simple" />
            <root url="jar:///Library/Java/JavaVirtualMachines/adoptopenjdk-15.jdk/Contents/Home/lib/src.zip!/jdk.security.jgss" type="simple" />
            <root url="jar:///Library/Java/JavaVirtualMachines/adoptopenjdk-15.jdk/Contents/Home/lib/src.zip!/java.security.jgss" type="simple" />
            <root url="jar:///Library/Java/JavaVirtualMachines/adoptopenjdk-15.jdk/Contents/Home/lib/src.zip!/java.security.sasl" type="simple" />
            <root url="jar:///Library/Java/JavaVirtualMachines/adoptopenjdk-15.jdk/Contents/Home/lib/src.zip!/jdk.internal.vm.ci" type="simple" />
            <root url="jar:///Library/Java/JavaVirtualMachines/adoptopenjdk-15.jdk/Contents/Home/lib/src.zip!/jdk.management.jfr" type="simple" />
            <root url="jar:///Library/Java/JavaVirtualMachines/adoptopenjdk-15.jdk/Contents/Home/lib/src.zip!/java.management.rmi" type="simple" />
            <root url="jar:///Library/Java/JavaVirtualMachines/adoptopenjdk-15.jdk/Contents/Home/lib/src.zip!/java.transaction.xa" type="simple" />
            <root url="jar:///Library/Java/JavaVirtualMachines/adoptopenjdk-15.jdk/Contents/Home/lib/src.zip!/jdk.crypto.cryptoki" type="simple" />
            <root url="jar:///Library/Java/JavaVirtualMachines/adoptopenjdk-15.jdk/Contents/Home/lib/src.zip!/jdk.internal.jvmstat" type="simple" />
            <root url="jar:///Library/Java/JavaVirtualMachines/adoptopenjdk-15.jdk/Contents/Home/lib/src.zip!/jdk.management.agent" type="simple" />
            <root url="jar:///Library/Java/JavaVirtualMachines/adoptopenjdk-15.jdk/Contents/Home/lib/src.zip!/jdk.incubator.foreign" type="simple" />
            <root url="jar:///Library/Java/JavaVirtualMachines/adoptopenjdk-15.jdk/Contents/Home/lib/src.zip!/jdk.incubator.jpackage" type="simple" />
            <root url="jar:///Library/Java/JavaVirtualMachines/adoptopenjdk-15.jdk/Contents/Home/lib/src.zip!/jdk.unsupported.desktop" type="simple" />
            <root url="jar:///Library/Java/JavaVirtualMachines/adoptopenjdk-15.jdk/Contents/Home/lib/src.zip!/jdk.internal.vm.compiler" type="simple" />
            <root url="jar:///Library/Java/JavaVirtualMachines/adoptopenjdk-15.jdk/Contents/Home/lib/src.zip!/jdk.internal.vm.compiler.management" type="simple" />
          </root>
        </sourcePath>
      </roots>
      <additional />
    </jdk>
    <jdk version="2">
      <name value="11" />
      <type value="JavaSDK" />
      <version value="version 11.0.10" />
      <homePath value="$APPLICATION_PLUGINS_DIR$/ch-0/203.7717.56/IntelliJ IDEA.app/Contents/jbr/Contents/Home" />
      <roots>
        <annotationsPath>
          <root type="composite">
            <root url="jar://$APPLICATION_PLUGINS_DIR$/ch-0/203.7717.56/IntelliJ IDEA.app/Contents/plugins/java/lib/jdkAnnotations.jar!/" type="simple" />
          </root>
        </annotationsPath>
        <classPath>
          <root type="composite">
            <root url="jrt:///Users/wangqing/Library/Application Support/JetBrains/Toolbox/apps/IDEA-U/ch-0/203.7717.56/IntelliJ IDEA.app/Contents/jbr/Contents/Home!/gluegen.rt" type="simple" />
            <root url="jrt:///Users/wangqing/Library/Application Support/JetBrains/Toolbox/apps/IDEA-U/ch-0/203.7717.56/IntelliJ IDEA.app/Contents/jbr/Contents/Home!/java.base" type="simple" />
            <root url="jrt:///Users/wangqing/Library/Application Support/JetBrains/Toolbox/apps/IDEA-U/ch-0/203.7717.56/IntelliJ IDEA.app/Contents/jbr/Contents/Home!/java.compiler" type="simple" />
            <root url="jrt:///Users/wangqing/Library/Application Support/JetBrains/Toolbox/apps/IDEA-U/ch-0/203.7717.56/IntelliJ IDEA.app/Contents/jbr/Contents/Home!/java.datatransfer" type="simple" />
            <root url="jrt:///Users/wangqing/Library/Application Support/JetBrains/Toolbox/apps/IDEA-U/ch-0/203.7717.56/IntelliJ IDEA.app/Contents/jbr/Contents/Home!/java.desktop" type="simple" />
            <root url="jrt:///Users/wangqing/Library/Application Support/JetBrains/Toolbox/apps/IDEA-U/ch-0/203.7717.56/IntelliJ IDEA.app/Contents/jbr/Contents/Home!/java.instrument" type="simple" />
            <root url="jrt:///Users/wangqing/Library/Application Support/JetBrains/Toolbox/apps/IDEA-U/ch-0/203.7717.56/IntelliJ IDEA.app/Contents/jbr/Contents/Home!/java.logging" type="simple" />
            <root url="jrt:///Users/wangqing/Library/Application Support/JetBrains/Toolbox/apps/IDEA-U/ch-0/203.7717.56/IntelliJ IDEA.app/Contents/jbr/Contents/Home!/java.management" type="simple" />
            <root url="jrt:///Users/wangqing/Library/Application Support/JetBrains/Toolbox/apps/IDEA-U/ch-0/203.7717.56/IntelliJ IDEA.app/Contents/jbr/Contents/Home!/java.management.rmi" type="simple" />
            <root url="jrt:///Users/wangqing/Library/Application Support/JetBrains/Toolbox/apps/IDEA-U/ch-0/203.7717.56/IntelliJ IDEA.app/Contents/jbr/Contents/Home!/java.naming" type="simple" />
            <root url="jrt:///Users/wangqing/Library/Application Support/JetBrains/Toolbox/apps/IDEA-U/ch-0/203.7717.56/IntelliJ IDEA.app/Contents/jbr/Contents/Home!/java.net.http" type="simple" />
            <root url="jrt:///Users/wangqing/Library/Application Support/JetBrains/Toolbox/apps/IDEA-U/ch-0/203.7717.56/IntelliJ IDEA.app/Contents/jbr/Contents/Home!/java.prefs" type="simple" />
            <root url="jrt:///Users/wangqing/Library/Application Support/JetBrains/Toolbox/apps/IDEA-U/ch-0/203.7717.56/IntelliJ IDEA.app/Contents/jbr/Contents/Home!/java.rmi" type="simple" />
            <root url="jrt:///Users/wangqing/Library/Application Support/JetBrains/Toolbox/apps/IDEA-U/ch-0/203.7717.56/IntelliJ IDEA.app/Contents/jbr/Contents/Home!/java.scripting" type="simple" />
            <root url="jrt:///Users/wangqing/Library/Application Support/JetBrains/Toolbox/apps/IDEA-U/ch-0/203.7717.56/IntelliJ IDEA.app/Contents/jbr/Contents/Home!/java.se" type="simple" />
            <root url="jrt:///Users/wangqing/Library/Application Support/JetBrains/Toolbox/apps/IDEA-U/ch-0/203.7717.56/IntelliJ IDEA.app/Contents/jbr/Contents/Home!/java.security.jgss" type="simple" />
            <root url="jrt:///Users/wangqing/Library/Application Support/JetBrains/Toolbox/apps/IDEA-U/ch-0/203.7717.56/IntelliJ IDEA.app/Contents/jbr/Contents/Home!/java.security.sasl" type="simple" />
            <root url="jrt:///Users/wangqing/Library/Application Support/JetBrains/Toolbox/apps/IDEA-U/ch-0/203.7717.56/IntelliJ IDEA.app/Contents/jbr/Contents/Home!/java.smartcardio" type="simple" />
            <root url="jrt:///Users/wangqing/Library/Application Support/JetBrains/Toolbox/apps/IDEA-U/ch-0/203.7717.56/IntelliJ IDEA.app/Contents/jbr/Contents/Home!/java.sql" type="simple" />
            <root url="jrt:///Users/wangqing/Library/Application Support/JetBrains/Toolbox/apps/IDEA-U/ch-0/203.7717.56/IntelliJ IDEA.app/Contents/jbr/Contents/Home!/java.sql.rowset" type="simple" />
            <root url="jrt:///Users/wangqing/Library/Application Support/JetBrains/Toolbox/apps/IDEA-U/ch-0/203.7717.56/IntelliJ IDEA.app/Contents/jbr/Contents/Home!/java.transaction.xa" type="simple" />
            <root url="jrt:///Users/wangqing/Library/Application Support/JetBrains/Toolbox/apps/IDEA-U/ch-0/203.7717.56/IntelliJ IDEA.app/Contents/jbr/Contents/Home!/java.xml" type="simple" />
            <root url="jrt:///Users/wangqing/Library/Application Support/JetBrains/Toolbox/apps/IDEA-U/ch-0/203.7717.56/IntelliJ IDEA.app/Contents/jbr/Contents/Home!/java.xml.crypto" type="simple" />
            <root url="jrt:///Users/wangqing/Library/Application Support/JetBrains/Toolbox/apps/IDEA-U/ch-0/203.7717.56/IntelliJ IDEA.app/Contents/jbr/Contents/Home!/jcef" type="simple" />
            <root url="jrt:///Users/wangqing/Library/Application Support/JetBrains/Toolbox/apps/IDEA-U/ch-0/203.7717.56/IntelliJ IDEA.app/Contents/jbr/Contents/Home!/jdk.accessibility" type="simple" />
            <root url="jrt:///Users/wangqing/Library/Application Support/JetBrains/Toolbox/apps/IDEA-U/ch-0/203.7717.56/IntelliJ IDEA.app/Contents/jbr/Contents/Home!/jdk.aot" type="simple" />
            <root url="jrt:///Users/wangqing/Library/Application Support/JetBrains/Toolbox/apps/IDEA-U/ch-0/203.7717.56/IntelliJ IDEA.app/Contents/jbr/Contents/Home!/jdk.attach" type="simple" />
            <root url="jrt:///Users/wangqing/Library/Application Support/JetBrains/Toolbox/apps/IDEA-U/ch-0/203.7717.56/IntelliJ IDEA.app/Contents/jbr/Contents/Home!/jdk.charsets" type="simple" />
            <root url="jrt:///Users/wangqing/Library/Application Support/JetBrains/Toolbox/apps/IDEA-U/ch-0/203.7717.56/IntelliJ IDEA.app/Contents/jbr/Contents/Home!/jdk.compiler" type="simple" />
            <root url="jrt:///Users/wangqing/Library/Application Support/JetBrains/Toolbox/apps/IDEA-U/ch-0/203.7717.56/IntelliJ IDEA.app/Contents/jbr/Contents/Home!/jdk.crypto.cryptoki" type="simple" />
            <root url="jrt:///Users/wangqing/Library/Application Support/JetBrains/Toolbox/apps/IDEA-U/ch-0/203.7717.56/IntelliJ IDEA.app/Contents/jbr/Contents/Home!/jdk.crypto.ec" type="simple" />
            <root url="jrt:///Users/wangqing/Library/Application Support/JetBrains/Toolbox/apps/IDEA-U/ch-0/203.7717.56/IntelliJ IDEA.app/Contents/jbr/Contents/Home!/jdk.dynalink" type="simple" />
            <root url="jrt:///Users/wangqing/Library/Application Support/JetBrains/Toolbox/apps/IDEA-U/ch-0/203.7717.56/IntelliJ IDEA.app/Contents/jbr/Contents/Home!/jdk.hotspot.agent" type="simple" />
            <root url="jrt:///Users/wangqing/Library/Application Support/JetBrains/Toolbox/apps/IDEA-U/ch-0/203.7717.56/IntelliJ IDEA.app/Contents/jbr/Contents/Home!/jdk.httpserver" type="simple" />
            <root url="jrt:///Users/wangqing/Library/Application Support/JetBrains/Toolbox/apps/IDEA-U/ch-0/203.7717.56/IntelliJ IDEA.app/Contents/jbr/Contents/Home!/jdk.internal.ed" type="simple" />
            <root url="jrt:///Users/wangqing/Library/Application Support/JetBrains/Toolbox/apps/IDEA-U/ch-0/203.7717.56/IntelliJ IDEA.app/Contents/jbr/Contents/Home!/jdk.internal.jvmstat" type="simple" />
            <root url="jrt:///Users/wangqing/Library/Application Support/JetBrains/Toolbox/apps/IDEA-U/ch-0/203.7717.56/IntelliJ IDEA.app/Contents/jbr/Contents/Home!/jdk.internal.le" type="simple" />
            <root url="jrt:///Users/wangqing/Library/Application Support/JetBrains/Toolbox/apps/IDEA-U/ch-0/203.7717.56/IntelliJ IDEA.app/Contents/jbr/Contents/Home!/jdk.internal.vm.ci" type="simple" />
            <root url="jrt:///Users/wangqing/Library/Application Support/JetBrains/Toolbox/apps/IDEA-U/ch-0/203.7717.56/IntelliJ IDEA.app/Contents/jbr/Contents/Home!/jdk.internal.vm.compiler" type="simple" />
            <root url="jrt:///Users/wangqing/Library/Application Support/JetBrains/Toolbox/apps/IDEA-U/ch-0/203.7717.56/IntelliJ IDEA.app/Contents/jbr/Contents/Home!/jdk.internal.vm.compiler.management" type="simple" />
            <root url="jrt:///Users/wangqing/Library/Application Support/JetBrains/Toolbox/apps/IDEA-U/ch-0/203.7717.56/IntelliJ IDEA.app/Contents/jbr/Contents/Home!/jdk.jdi" type="simple" />
            <root url="jrt:///Users/wangqing/Library/Application Support/JetBrains/Toolbox/apps/IDEA-U/ch-0/203.7717.56/IntelliJ IDEA.app/Contents/jbr/Contents/Home!/jdk.jdwp.agent" type="simple" />
            <root url="jrt:///Users/wangqing/Library/Application Support/JetBrains/Toolbox/apps/IDEA-U/ch-0/203.7717.56/IntelliJ IDEA.app/Contents/jbr/Contents/Home!/jdk.jfr" type="simple" />
            <root url="jrt:///Users/wangqing/Library/Application Support/JetBrains/Toolbox/apps/IDEA-U/ch-0/203.7717.56/IntelliJ IDEA.app/Contents/jbr/Contents/Home!/jdk.jsobject" type="simple" />
            <root url="jrt:///Users/wangqing/Library/Application Support/JetBrains/Toolbox/apps/IDEA-U/ch-0/203.7717.56/IntelliJ IDEA.app/Contents/jbr/Contents/Home!/jdk.localedata" type="simple" />
            <root url="jrt:///Users/wangqing/Library/Application Support/JetBrains/Toolbox/apps/IDEA-U/ch-0/203.7717.56/IntelliJ IDEA.app/Contents/jbr/Contents/Home!/jdk.management" type="simple" />
            <root url="jrt:///Users/wangqing/Library/Application Support/JetBrains/Toolbox/apps/IDEA-U/ch-0/203.7717.56/IntelliJ IDEA.app/Contents/jbr/Contents/Home!/jdk.management.agent" type="simple" />
            <root url="jrt:///Users/wangqing/Library/Application Support/JetBrains/Toolbox/apps/IDEA-U/ch-0/203.7717.56/IntelliJ IDEA.app/Contents/jbr/Contents/Home!/jdk.management.jfr" type="simple" />
            <root url="jrt:///Users/wangqing/Library/Application Support/JetBrains/Toolbox/apps/IDEA-U/ch-0/203.7717.56/IntelliJ IDEA.app/Contents/jbr/Contents/Home!/jdk.naming.dns" type="simple" />
            <root url="jrt:///Users/wangqing/Library/Application Support/JetBrains/Toolbox/apps/IDEA-U/ch-0/203.7717.56/IntelliJ IDEA.app/Contents/jbr/Contents/Home!/jdk.naming.rmi" type="simple" />
            <root url="jrt:///Users/wangqing/Library/Application Support/JetBrains/Toolbox/apps/IDEA-U/ch-0/203.7717.56/IntelliJ IDEA.app/Contents/jbr/Contents/Home!/jdk.net" type="simple" />
            <root url="jrt:///Users/wangqing/Library/Application Support/JetBrains/Toolbox/apps/IDEA-U/ch-0/203.7717.56/IntelliJ IDEA.app/Contents/jbr/Contents/Home!/jdk.pack" type="simple" />
            <root url="jrt:///Users/wangqing/Library/Application Support/JetBrains/Toolbox/apps/IDEA-U/ch-0/203.7717.56/IntelliJ IDEA.app/Contents/jbr/Contents/Home!/jdk.scripting.nashorn" type="simple" />
            <root url="jrt:///Users/wangqing/Library/Application Support/JetBrains/Toolbox/apps/IDEA-U/ch-0/203.7717.56/IntelliJ IDEA.app/Contents/jbr/Contents/Home!/jdk.scripting.nashorn.shell" type="simple" />
            <root url="jrt:///Users/wangqing/Library/Application Support/JetBrains/Toolbox/apps/IDEA-U/ch-0/203.7717.56/IntelliJ IDEA.app/Contents/jbr/Contents/Home!/jdk.sctp" type="simple" />
            <root url="jrt:///Users/wangqing/Library/Application Support/JetBrains/Toolbox/apps/IDEA-U/ch-0/203.7717.56/IntelliJ IDEA.app/Contents/jbr/Contents/Home!/jdk.security.auth" type="simple" />
            <root url="jrt:///Users/wangqing/Library/Application Support/JetBrains/Toolbox/apps/IDEA-U/ch-0/203.7717.56/IntelliJ IDEA.app/Contents/jbr/Contents/Home!/jdk.security.jgss" type="simple" />
            <root url="jrt:///Users/wangqing/Library/Application Support/JetBrains/Toolbox/apps/IDEA-U/ch-0/203.7717.56/IntelliJ IDEA.app/Contents/jbr/Contents/Home!/jdk.unsupported" type="simple" />
            <root url="jrt:///Users/wangqing/Library/Application Support/JetBrains/Toolbox/apps/IDEA-U/ch-0/203.7717.56/IntelliJ IDEA.app/Contents/jbr/Contents/Home!/jdk.xml.dom" type="simple" />
            <root url="jrt:///Users/wangqing/Library/Application Support/JetBrains/Toolbox/apps/IDEA-U/ch-0/203.7717.56/IntelliJ IDEA.app/Contents/jbr/Contents/Home!/jdk.zipfs" type="simple" />
            <root url="jrt:///Users/wangqing/Library/Application Support/JetBrains/Toolbox/apps/IDEA-U/ch-0/203.7717.56/IntelliJ IDEA.app/Contents/jbr/Contents/Home!/jogl.all" type="simple" />
          </root>
        </classPath>
        <javadocPath>
          <root type="composite">
            <root url="https://docs.oracle.com/en/java/javase/11/docs/api/" type="simple" />
          </root>
        </javadocPath>
        <sourcePath>
          <root type="composite" />
        </sourcePath>
      </roots>
      <additional />
    </jdk>
    <jdk version="2">
      <name value="1.8" />
      <type value="JavaSDK" />
      <version value="version 1.8.0_292" />
      <homePath value="/Library/Java/JavaVirtualMachines/adoptopenjdk-8.jdk/Contents/Home" />
      <roots>
        <annotationsPath>
          <root type="composite">
            <root url="jar://$APPLICATION_HOME_DIR$/plugins/java/lib/jdkAnnotations.jar!/" type="simple" />
          </root>
        </annotationsPath>
        <classPath>
          <root type="composite">
            <root url="jar:///Library/Java/JavaVirtualMachines/adoptopenjdk-8.jdk/Contents/Home/jre/lib/charsets.jar!/" type="simple" />
            <root url="jar:///Library/Java/JavaVirtualMachines/adoptopenjdk-8.jdk/Contents/Home/jre/lib/ext/cldrdata.jar!/" type="simple" />
            <root url="jar:///Library/Java/JavaVirtualMachines/adoptopenjdk-8.jdk/Contents/Home/jre/lib/ext/dnsns.jar!/" type="simple" />
            <root url="jar:///Library/Java/JavaVirtualMachines/adoptopenjdk-8.jdk/Contents/Home/jre/lib/ext/jaccess.jar!/" type="simple" />
            <root url="jar:///Library/Java/JavaVirtualMachines/adoptopenjdk-8.jdk/Contents/Home/jre/lib/ext/localedata.jar!/" type="simple" />
            <root url="jar:///Library/Java/JavaVirtualMachines/adoptopenjdk-8.jdk/Contents/Home/jre/lib/ext/nashorn.jar!/" type="simple" />
            <root url="jar:///Library/Java/JavaVirtualMachines/adoptopenjdk-8.jdk/Contents/Home/jre/lib/ext/sunec.jar!/" type="simple" />
            <root url="jar:///Library/Java/JavaVirtualMachines/adoptopenjdk-8.jdk/Contents/Home/jre/lib/ext/sunjce_provider.jar!/" type="simple" />
            <root url="jar:///Library/Java/JavaVirtualMachines/adoptopenjdk-8.jdk/Contents/Home/jre/lib/ext/sunpkcs11.jar!/" type="simple" />
            <root url="jar:///Library/Java/JavaVirtualMachines/adoptopenjdk-8.jdk/Contents/Home/jre/lib/ext/zipfs.jar!/" type="simple" />
            <root url="jar:///Library/Java/JavaVirtualMachines/adoptopenjdk-8.jdk/Contents/Home/jre/lib/jce.jar!/" type="simple" />
            <root url="jar:///Library/Java/JavaVirtualMachines/adoptopenjdk-8.jdk/Contents/Home/jre/lib/jfr.jar!/" type="simple" />
            <root url="jar:///Library/Java/JavaVirtualMachines/adoptopenjdk-8.jdk/Contents/Home/jre/lib/jsse.jar!/" type="simple" />
            <root url="jar:///Library/Java/JavaVirtualMachines/adoptopenjdk-8.jdk/Contents/Home/jre/lib/management-agent.jar!/" type="simple" />
            <root url="jar:///Library/Java/JavaVirtualMachines/adoptopenjdk-8.jdk/Contents/Home/jre/lib/resources.jar!/" type="simple" />
            <root url="jar:///Library/Java/JavaVirtualMachines/adoptopenjdk-8.jdk/Contents/Home/jre/lib/rt.jar!/" type="simple" />
            <root url="jar:///Library/Java/JavaVirtualMachines/adoptopenjdk-8.jdk/Contents/Home/lib/dt.jar!/" type="simple" />
            <root url="jar:///Library/Java/JavaVirtualMachines/adoptopenjdk-8.jdk/Contents/Home/lib/jconsole.jar!/" type="simple" />
            <root url="jar:///Library/Java/JavaVirtualMachines/adoptopenjdk-8.jdk/Contents/Home/lib/sa-jdi.jar!/" type="simple" />
            <root url="jar:///Library/Java/JavaVirtualMachines/adoptopenjdk-8.jdk/Contents/Home/lib/tools.jar!/" type="simple" />
          </root>
        </classPath>
        <javadocPath>
          <root type="composite" />
        </javadocPath>
        <sourcePath>
          <root type="composite">
            <root url="jar:///Library/Java/JavaVirtualMachines/adoptopenjdk-8.jdk/Contents/Home/src.zip!/" type="simple" />
          </root>
        </sourcePath>
      </roots>
      <additional />
    </jdk>
  </component>
</application>