<application>
  <component name="LocalDatabaseDriverManager" version="201">
    <driver id="mysql.8">
      <artifact />
      <artifact id="MySQL ConnectorJ" name="MySQL ConnectorJ" use="true" version="8.0.25" />
      <artifact id="MySQL ConnectorJ" name="MySQL ConnectorJ" channel="fixed" rolling="false" use="true" version="8.0.21" />
    </driver>
    <driver id="mysql">
      <artifact id="MySQL Connector/J" name="MySQL Connector/J" use="true" version="5.1.46" />
    </driver>
    <driver id="postgresql">
      <artifact id="PostgreSQL" name="PostgreSQL" use="true" version="42.2.22" />
    </driver>
  </component>
</application>