<application>
  <component name="AppStorage">
    <option name="newTranslationDialogCollapseDictViewer" value="false" />
    <option name="newTranslationDialogWidth" value="502" />
    <option name="newTranslationDialogX" value="1178" />
    <option name="newTranslationDialogY" value="458" />
    <histories>
      <item value="Identity" />
      <item value="第四" />
      <item value="di si" />
      <item value="disi" />
      <item value="elapsed" />
      <item value="轻微&#10;" />
      <item value="严重&#10;" />
      <item value="suggest" />
      <item value="建议" />
      <item value="jian yi" />
      <item value="分析&#10;" />
      <item value="overall" />
      <item value="Psychology" />
      <item value="集体心理健康" />
      <item value="集体心理jian k" />
      <item value="ji ti xin li" />
      <item value="ji ti" />
      <item value="Disposition" />
      <item value="comment" />
      <item value="正常&#10;" />
      <item value="DENY" />
      <item value="ambiguous" />
      <item value="Overall" />
      <item value="Proportion" />
      <item value="占比例&#10;" />
      <item value="占比例" />
      <item value="占比li" />
      <item value="占比" />
      <item value="占比&#10;&#10;" />
      <item value="zhan bi" />
      <item value="统计&#10;" />
      <item value="统计占比&#10;" />
      <item value="性格" />
      <item value="性格特征" />
      <item value="xing ge te z" />
      <item value="xing ge" />
      <item value="x" />
      <item value="Physics Interest" />
      <item value="detail" />
      <item value="详情&#10;" />
      <item value="详情" />
      <item value="xiang q" />
      <item value="fix" />
      <item value="Vocation" />
      <item value="switch" />
      <item value="ent Year Code" />
      <item value="vocation" />
      <item value="Assess" />
      <item value="dimension" />
      <item value="Recommend" />
    </histories>
    <option name="languageScores">
      <map>
        <entry key="CHINESE" value="515" />
        <entry key="ENGLISH" value="516" />
        <entry key="FRENCH" value="4" />
        <entry key="SPANISH" value="1" />
      </map>
    </option>
  </component>
  <component name="Cache">
    <option name="lastTrimTime" value="1634128234908" />
  </component>
</application>